iter	Logloss
0	0.6103040984
1	0.5414362845
2	0.4886765318
3	0.4609254554
4	0.4223172895	5	0.399097406	06	0.386084007	07	0.37125048	0.8	0.36393509	099	0.3486775591
